{"cameraMode":{"drawMode":0,"name":"Shaded","section":"Shading Mode"},"sceneLighting":true,"audioPlay":false,"sceneViewState":{"m_AlwaysRefresh":true,"showFog":true,"showSkybox":true,"showFlares":true,"showImageEffects":true,"showParticleSystems":true,"showVisualEffectGraphs":true,"m_FxEnabled":true},"in2DMode":false,"pivot":{"x":7.180954933166504,"y":9.507566452026368,"z":232.63470458984376},"rotation":{"x":0.0429040901362896,"y":0.47841811180114748,"z":-0.023416902869939805,"w":0.876777172088623},"size":10.483010292053223,"orthographic":false}