{"cameraMode":{"drawMode":0,"name":"Shaded","section":"Shading Mode"},"sceneLighting":true,"audioPlay":false,"sceneViewState":{"m_AlwaysRefresh":true,"showFog":true,"showSkybox":true,"showFlares":true,"showImageEffects":true,"showParticleSystems":true,"showVisualEffectGraphs":true,"m_FxEnabled":true},"in2DMode":false,"pivot":{"x":1.2450615167617798,"y":16.775785446166993,"z":41.247657775878909},"rotation":{"x":0.2061813324689865,"y":-0.045480553060770038,"z":0.009592251852154732,"w":0.9774146676063538},"size":7.278210163116455,"orthographic":false}