{"cameraMode":{"drawMode":0,"name":"Shaded","section":"Shading Mode"},"sceneLighting":true,"audioPlay":false,"sceneViewState":{"m_AlwaysRefresh":true,"showFog":true,"showSkybox":true,"showFlares":true,"showImageEffects":true,"showParticleSystems":true,"showVisualEffectGraphs":true,"m_FxEnabled":true},"in2DMode":false,"pivot":{"x":29.12746810913086,"y":7.544478416442871,"z":28.214258193969728},"rotation":{"x":0.17275789380073548,"y":-0.38940954208374026,"z":0.07461239397525788,"w":0.9016450643539429},"size":0.8660253882408142,"orthographic":false}