{"cameraMode":{"drawMode":0,"name":"Shaded","section":"Shading Mode"},"sceneLighting":true,"audioPlay":false,"sceneViewState":{"m_AlwaysRefresh":true,"showFog":true,"showSkybox":true,"showFlares":true,"showImageEffects":true,"showParticleSystems":true,"showVisualEffectGraphs":true,"m_FxEnabled":true},"in2DMode":false,"pivot":{"x":0.7314980626106262,"y":-1.6264004707336426,"z":7.3369340896606449},"rotation":{"x":0.10943603515625,"y":0.052467506378889087,"z":-0.0057831513695418839,"w":0.9925956130027771},"size":4.47213888168335,"orthographic":false}