{"cameraMode":{"drawMode":0,"name":"Shaded","section":"Shading Mode"},"sceneLighting":true,"audioPlay":false,"sceneViewState":{"m_AlwaysRefresh":true,"showFog":true,"showSkybox":true,"showFlares":true,"showImageEffects":true,"showParticleSystems":true,"showVisualEffectGraphs":true,"m_FxEnabled":true},"in2DMode":false,"pivot":{"x":1.4657697677612305,"y":4.210297584533691,"z":54.20116424560547},"rotation":{"x":0.0032492356840521099,"y":0.9717414379119873,"z":-0.235637366771698,"w":0.01340764481574297},"size":0.9201604723930359,"orthographic":false}