{"cameraMode":{"drawMode":0,"name":"Shaded","section":"Shading Mode"},"sceneLighting":true,"audioPlay":false,"sceneViewState":{"m_AlwaysRefresh":true,"showFog":true,"showSkybox":true,"showFlares":true,"showImageEffects":true,"showParticleSystems":true,"showVisualEffectGraphs":true,"m_FxEnabled":true},"in2DMode":false,"pivot":{"x":0.25803327560424807,"y":2.0057637691497804,"z":93.60812377929688},"rotation":{"x":0.23017016053199769,"y":-0.12715455889701844,"z":0.030339758843183519,"w":0.9643355011940002},"size":1.7492855787277222,"orthographic":false}