{"cameraMode":{"drawMode":0,"name":"Shaded","section":"Shading Mode"},"sceneLighting":true,"audioPlay":false,"sceneViewState":{"m_AlwaysRefresh":true,"showFog":true,"showSkybox":true,"showFlares":true,"showImageEffects":true,"showParticleSystems":true,"showVisualEffectGraphs":true,"m_FxEnabled":true},"in2DMode":false,"pivot":{"x":-0.015427768230438233,"y":7.61752462387085,"z":8.015087127685547},"rotation":{"x":0.16530166566371919,"y":-0.09274622052907944,"z":0.01561613567173481,"w":0.9817567467689514},"size":0.8660253882408142,"orthographic":false}