{"cameraMode":{"drawMode":0,"name":"Shaded","section":"Shading Mode"},"sceneLighting":true,"audioPlay":false,"sceneViewState":{"m_AlwaysRefresh":true,"showFog":true,"showSkybox":true,"showFlares":true,"showImageEffects":true,"showParticleSystems":true,"showVisualEffectGraphs":true,"m_FxEnabled":true},"in2DMode":false,"pivot":{"x":-0.10283729434013367,"y":-0.9583973288536072,"z":27.002948760986329},"rotation":{"x":0.044382937252521518,"y":-0.002995294751599431,"z":0.00013102430966682732,"w":0.999015212059021},"size":7.278210163116455,"orthographic":false}