{"cameraMode":{"drawMode":0,"name":"Shaded","section":"Shading Mode"},"sceneLighting":true,"audioPlay":false,"sceneViewState":{"m_AlwaysRefresh":true,"showFog":true,"showSkybox":true,"showFlares":true,"showImageEffects":true,"showParticleSystems":true,"showVisualEffectGraphs":true,"m_FxEnabled":true},"in2DMode":false,"pivot":{"x":-7.692865371704102,"y":-4.515857696533203,"z":-14.083518028259278},"rotation":{"x":-0.028792688623070718,"y":0.9598477482795715,"z":-0.10728363692760468,"w":-0.2576012909412384},"size":10.452131271362305,"orthographic":false}