{"cameraMode":{"drawMode":0,"name":"Shaded","section":"Shading Mode"},"sceneLighting":false,"audioPlay":false,"sceneViewState":{"m_AlwaysRefresh":true,"showFog":true,"showSkybox":false,"showFlares":true,"showImageEffects":true,"showParticleSystems":true,"showVisualEffectGraphs":true,"m_FxEnabled":true},"in2DMode":false,"pivot":{"x":-2.140000104904175,"y":-0.3999999761581421,"z":38.29999923706055},"rotation":{"x":0.044382937252521518,"y":-0.002995294751599431,"z":0.00013102430966682732,"w":0.999015212059021},"size":0.9273618459701538,"orthographic":false}